<?xml version="1.0" encoding="UTF-8"?>
<Configuration status="info">

    <Properties>
        <Property name="logPath">${pon:defaultLogPath}</Property>
        <Property name="logFile">ponconf.log</Property>
    </Properties>

    <Appenders>
        <RollingFile name="rollingFileAppender" fileName="${logPath}/${logFile}" filePattern="${logPath}/${logFile}-%d{yyyy-MM-dd}-%i.log" >
            <PatternLayout pattern="%d{dd/MMM/yyyy HH:mm:ss,SSS} - [%p] %c{1}: %m%n"/>
            <Policies>
                <SizeBasedTriggeringPolicy size="100MB" />
            </Policies>
            <DefaultRolloverStrategy max="5"/>
        </RollingFile>
    </Appenders>

    <Loggers>

        <!-- Define the root logger using the file appender -->
        <AsyncRoot level="error">
            <AppenderRef ref="rollingFileAppender"/>
        </AsyncRoot>

        <!-- Log levels for PrinterOn packages -->
        <AsyncLogger name="com.printeron.ws.client" level="warn"/>
        <AsyncLogger name="com.printeron.rest.client" level="warn"/>
        <AsyncLogger name="com.printeron.ponconf" level="info"/>

        <!-- Log levels for non-printeron packages -->
        <AsyncLogger name="org.hibernate" level="error"/>
        <AsyncLogger name="org.hibernate.cfg.Configuration" level="error"/>
        <AsyncLogger name="org.springframework" level="error"/>
        <AsyncLogger name="org.apache.http" level="error"/>

        <AsyncLogger name="net.sf.ehcache" level="info"/>

    </Loggers>

</Configuration>